"","date","BTC","XRP","ETH","XLM","BCH","EOS","LTC","USDT"
"2017-07-23","2017-07-23",2730.4,0.195058,225.95,0.021769,413.06,1.87,44.06,0.997761
"2017-07-24","2017-07-24",2754.86,0.192002,224.71,0.022605,440.7,1.87,44.41,0.993997
"2017-07-25","2017-07-25",2576.48,0.178104,206.71,0.018551,406.9,1.65,42.24,0.999802
"2017-07-26","2017-07-26",2529.45,0.173822,203.95,0.018878,365.82,1.74,42.23,0.996955
"2017-07-27","2017-07-27",2671.78,0.173457,204.32,0.018322,385.48,1.95,42.14,0.997275
"2017-07-28","2017-07-28",2809.01,0.165937,193.12,0.016961,406.05,1.85,40.61,1
"2017-07-29","2017-07-29",2726.45,0.169871,205.79,0.017447,384.77,1.83,41.12,0.996619
"2017-07-30","2017-07-30",2757.18,0.165082,197.98,0.015984,345.66,1.78,40.42,0.998868
"2017-07-31","2017-07-31",2875.34,0.167386,203.87,0.016095,294.46,1.74,43.02,1
"2017-08-01","2017-08-01",2718.26,0.177053,226.77,0.017933,380.01,1.78,43.04,0.996819
"2017-08-02","2017-08-02",2710.67,0.173113,219.95,0.018413,452.66,1.78,42.13,1
"2017-08-03","2017-08-03",2804.73,0.174612,225.34,0.01886,364.05,1.8,42.86,0.969304
"2017-08-04","2017-08-04",2895.89,0.173743,223.07,0.022241,233.05,1.81,43.45,1
"2017-08-05","2017-08-05",3252.91,0.184737,256.51,0.023984,213.15,1.91,46.86,0.998314
"2017-08-06","2017-08-06",3213.94,0.180444,261.57,0.022701,220.66,1.74,45.1,1
"2017-08-07","2017-08-07",3378.94,0.179021,269.18,0.022195,319.69,1.81,45.8,0.996254
"2017-08-08","2017-08-08",3419.94,0.192586,296.77,0.023737,345.49,1.88,48.63,1
"2017-08-09","2017-08-09",3342.47,0.182947,296.03,0.022996,303.89,1.83,48.01,1
"2017-08-10","2017-08-10",3381.28,0.180399,295.89,0.022007,275.95,1.83,46.5,0.992991
"2017-08-11","2017-08-11",3650.62,0.179307,308.86,0.02148,328.24,1.79,47.1,1
"2017-08-12","2017-08-12",3884.71,0.173853,310.6,0.020218,317.09,1.67,46.43,1
"2017-08-13","2017-08-13",4073.26,0.168092,298.06,0.01825,298.05,1.62,45.81,0.998616
"2017-08-14","2017-08-14",4325.13,0.169991,300.1,0.017622,297.68,1.66,45.8,0.998163
"2017-08-15","2017-08-15",4181.93,0.161221,289.82,0.017433,297.86,1.65,43.31,1
"2017-08-16","2017-08-16",4376.63,0.160431,302.27,0.017702,300.21,1.6,44.15,1
"2017-08-17","2017-08-17",4331.69,0.157498,301.46,0.017327,460.53,1.55,43.91,1.01
"2017-08-18","2017-08-18",4160.62,0.158883,295.59,0.016842,690.24,1.42,47.28,1.01
"2017-08-19","2017-08-19",4193.7,0.155057,297.47,0.016513,754.56,1.4,45.48,1
"2017-08-20","2017-08-20",4087.66,0.158735,301.43,0.017631,712.87,1.37,46.23,0.996629
"2017-08-21","2017-08-21",4001.74,0.191918,321.59,0.019753,599.64,1.34,47.94,0.999263
"2017-08-22","2017-08-22",4100.52,0.239286,314.79,0.021624,690.88,1.28,46.73,1.01
"2017-08-23","2017-08-23",4151.52,0.246827,317.52,0.020222,669.4,1.41,53.25,1
"2017-08-24","2017-08-24",4334.68,0.218958,325.61,0.019024,628.11,1.38,50.19,1
"2017-08-25","2017-08-25",4371.6,0.217828,331.92,0.020497,641.05,1.38,51.18,1
"2017-08-26","2017-08-26",4352.4,0.212577,333.88,0.021208,625.32,1.36,51.75,0.998932
"2017-08-27","2017-08-27",4382.88,0.202995,347.89,0.019785,620.9,1.35,61.16,1
"2017-08-28","2017-08-28",4382.66,0.224508,347.75,0.020525,596.18,1.34,62.36,1
"2017-08-29","2017-08-29",4579.02,0.218564,370.67,0.020104,552.93,1.31,63.17,1
"2017-08-30","2017-08-30",4565.3,0.228006,378.48,0.021224,575.21,1.23,64.17,1
"2017-08-31","2017-08-31",4703.39,0.25563,383.04,0.022405,588.17,1.3,71.06,1
"2017-09-01","2017-09-01",4892.01,0.248479,387.74,0.023954,622.17,1.3,86.04,1
"2017-09-02","2017-09-02",4578.77,0.226669,348.98,0.020837,575.9,1.23,79.02,1.02
"2017-09-03","2017-09-03",4582.96,0.228811,347.48,0.021296,607.43,1.25,76.84,1
"2017-09-04","2017-09-04",4236.31,0.204968,295.17,0.017625,517.24,0.850526,65.21,1.03
"2017-09-05","2017-09-05",4376.53,0.215189,312.99,0.018567,541.71,0.883708,71.29,1
"2017-09-06","2017-09-06",4597.12,0.226186,334.34,0.020346,638.18,0.914359,80.11,1.01
"2017-09-07","2017-09-07",4599.88,0.22364,329.43,0.020096,652.85,0.977272,78.48,1
"2017-09-08","2017-09-08",4228.75,0.211518,296.5,0.017447,583.1,0.832764,67.79,1.01
"2017-09-09","2017-09-09",4226.06,0.209995,294.4,0.017095,547.47,0.791608,66.01,1
"2017-09-10","2017-09-10",4122.94,0.213031,288.75,0.016269,537.07,0.739763,61.61,1.01
"2017-09-11","2017-09-11",4161.27,0.214441,294.53,0.016993,537.81,0.730869,66.04,1
"2017-09-12","2017-09-12",4130.81,0.209303,291.46,0.016324,510.41,0.836077,64.23,1.01
"2017-09-13","2017-09-13",3882.59,0.200778,277.11,0.015328,503.61,0.728994,61.73,1
"2017-09-14","2017-09-14",3154.95,0.164167,213.91,0.011038,367.04,0.603217,41.58,1
"2017-09-15","2017-09-15",3637.52,0.181358,250.46,0.012097,424.02,0.664289,48.21,1.01
"2017-09-16","2017-09-16",3625.04,0.179082,246.52,0.011699,440.22,0.627565,48.26,1
"2017-09-17","2017-09-17",3582.88,0.178393,251.75,0.011211,419.86,0.648592,48.49,1.01
"2017-09-18","2017-09-18",4065.2,0.189768,293.5,0.013455,479.32,0.704878,55.53,1
"2017-09-19","2017-09-19",3924.97,0.184041,282.8,0.011795,527.88,0.653363,52.84,1
"2017-09-20","2017-09-20",3905.95,0.182078,283.74,0.012236,476.05,0.612827,51.73,1
"2017-09-21","2017-09-21",3631.04,0.171754,258.58,0.0106,416.26,0.546153,46.61,1
"2017-09-22","2017-09-22",3630.7,0.17351,264.31,0.010776,415.09,0.569846,48.09,1
"2017-09-23","2017-09-23",3792.4,0.177882,286.17,0.011896,428.5,0.576697,49.27,1
"2017-09-24","2017-09-24",3682.84,0.175787,282.48,0.011563,421.03,0.546274,47.62,1
"2017-09-25","2017-09-25",3926.07,0.181487,292.33,0.012073,445.8,0.570774,51.58,1
"2017-09-26","2017-09-26",3892.35,0.186119,287.44,0.012388,441.83,0.561128,51.55,1
"2017-09-27","2017-09-27",4200.67,0.203299,306.47,0.014378,457.31,0.633043,56.28,1
"2017-09-28","2017-09-28",4174.73,0.196131,299.15,0.013863,447.81,0.815693,54.09,1
"2017-09-29","2017-09-29",4163.07,0.193606,291.47,0.013204,436.77,0.717272,52.62,0.999863
"2017-09-30","2017-09-30",4338.71,0.197529,301.46,0.013858,432.63,0.721609,55.14,0.996488
"2017-10-01","2017-10-01",4403.74,0.206532,302.34,0.013688,415.15,0.70776,54.54,0.999924
"2017-10-02","2017-10-02",4409.32,0.202676,297.48,0.012962,421.19,0.654973,53.38,1
"2017-10-03","2017-10-03",4317.48,0.203318,292.46,0.012404,404.18,0.63123,52.35,1
"2017-10-04","2017-10-04",4229.36,0.214774,292.66,0.011851,358.45,0.601539,51.4,1
"2017-10-05","2017-10-05",4328.41,0.237016,295.86,0.014576,355.75,0.606157,51.67,1
"2017-10-06","2017-10-06",4370.81,0.234039,308.59,0.018403,363.01,0.599844,52.12,1
"2017-10-07","2017-10-07",4426.89,0.23861,311.12,0.020959,360.78,0.588553,52.58,0.99932
"2017-10-08","2017-10-08",4610.48,0.279944,308.61,0.018598,342.21,0.604501,53.14,0.998442
"2017-10-09","2017-10-09",4772.02,0.251825,297.39,0.017601,314.16,0.557142,50.16,0.99978
"2017-10-10","2017-10-10",4781.99,0.260733,299.87,0.018953,321.59,0.555214,50.72,0.999441
"2017-10-11","2017-10-11",4826.48,0.264439,303.46,0.01945,314.9,0.610223,50.89,0.998625
"2017-10-12","2017-10-12",5446.91,0.248414,304.14,0.017784,313.21,0.591723,60.11,0.997423
"2017-10-13","2017-10-13",5647.21,0.260489,338.76,0.01796,321.46,0.58397,59.43,1
"2017-10-14","2017-10-14",5831.79,0.25732,339.63,0.017522,321.96,0.582836,63.95,0.999709
"2017-10-15","2017-10-15",5678.19,0.263983,336.6,0.018925,314.95,0.571914,65.47,0.999242
"2017-10-16","2017-10-16",5725.59,0.256232,333.38,0.036865,313.64,0.561856,64.62,0.99801
"2017-10-17","2017-10-17",5605.51,0.232064,317.08,0.045842,371.73,0.552144,59.48,0.999335
"2017-10-18","2017-10-18",5590.69,0.21852,314.32,0.035133,339.17,0.546006,60.73,1
"2017-10-19","2017-10-19",5708.52,0.21515,308.09,0.031195,330.81,0.566708,59.74,1
"2017-10-20","2017-10-20",6011.45,0.210549,304.01,0.026757,327.44,0.540684,60.33,1
"2017-10-21","2017-10-21",6031.6,0.211016,300.19,0.036429,323.36,0.526792,58.2,1
"2017-10-22","2017-10-22",6008.42,0.204177,295.45,0.031269,331.66,0.51797,56.81,1
"2017-10-23","2017-10-23",5930.32,0.196928,286.95,0.033832,315.6,0.493225,54.92,0.996536
"2017-10-24","2017-10-24",5526.64,0.206644,298.33,0.036649,326.89,0.514935,55.96,1
"2017-10-25","2017-10-25",5750.8,0.204604,297.92,0.035004,332.13,0.504073,56.49,1
"2017-10-26","2017-10-26",5904.83,0.203628,296.53,0.034546,338.2,0.518944,55.74,0.999868
"2017-10-27","2017-10-27",5780.9,0.202785,297.42,0.034236,367.57,0.522118,55.33,1
"2017-10-28","2017-10-28",5753.09,0.201835,296.3,0.031038,423.35,0.536368,54.69,1
"2017-10-29","2017-10-29",6153.85,0.202785,305.09,0.030331,451.92,0.665881,57.11,1
"2017-10-30","2017-10-30",6130.53,0.202711,307.75,0.031804,448.23,0.711433,56.39,1
"2017-10-31","2017-10-31",6468.4,0.200558,305.88,0.029182,439.05,0.781782,55.75,1
"2017-11-01","2017-11-01",6767.31,0.194124,291.69,0.027353,531.83,1.05,53.18,1
"2017-11-02","2017-11-02",7078.5,0.205861,287.43,0.027607,587.22,1.12,54.74,1
"2017-11-03","2017-11-03",7207.76,0.208133,305.71,0.027779,625.32,1.21,56.18,1.01
"2017-11-04","2017-11-04",7379.95,0.20375,300.47,0.027294,620.45,1.12,55.04,1
"2017-11-05","2017-11-05",7407.41,0.202055,296.26,0.026765,630.7,1.09,54.75,0.9988
"2017-11-06","2017-11-06",7022.76,0.20599,298.89,0.02888,602.65,0.91695,55.17,1
"2017-11-07","2017-11-07",7144.38,0.210354,294.66,0.030699,616.3,0.951407,61.3,1.01
"2017-11-08","2017-11-08",7459.69,0.217437,309.07,0.033763,622.46,1.13,62.57,1.01
"2017-11-09","2017-11-09",7143.58,0.217488,320.88,0.039946,654.3,1.18,64.27,1.01
"2017-11-10","2017-11-10",6618.14,0.206483,299.25,0.033073,1007.42,1.03,59.26,1.01
"2017-11-11","2017-11-11",6357.6,0.21043,314.68,0.033053,1340.45,1.16,62.3,1.01
"2017-11-12","2017-11-12",5950.07,0.197339,307.91,0.028182,1388.86,1.09,59.01,1.01
"2017-11-13","2017-11-13",6559.49,0.203442,316.72,0.030656,1353.99,1.18,61.4,1.01
"2017-11-14","2017-11-14",6635.75,0.209825,337.63,0.036374,1273.53,1.67,62.68,1.01
"2017-11-15","2017-11-15",7315.54,0.212956,333.36,0.037053,1212.4,1.67,63.82,1
"2017-11-16","2017-11-16",7871.69,0.227107,330.92,0.037234,900.78,1.65,71.06,1
"2017-11-17","2017-11-17",7708.99,0.226581,332.39,0.035572,1185.48,1.75,67.57,1
"2017-11-18","2017-11-18",7790.15,0.228627,347.61,0.036583,1254.53,1.93,69.64,1
"2017-11-19","2017-11-19",8036.49,0.231016,354.39,0.036566,1172.05,1.88,71.59,1
"2017-11-20","2017-11-20",8200.64,0.238759,366.73,0.038121,1236.01,1.99,72.25,1
"2017-11-21","2017-11-21",8071.26,0.233271,360.4,0.037668,1176.97,1.9,70.03,0.996047
"2017-11-22","2017-11-22",8253.55,0.238859,380.65,0.042299,1303.31,1.89,71.89,1
"2017-11-23","2017-11-23",8038.77,0.242402,410.17,0.040535,1683.81,1.89,73.22,0.994631
"2017-11-24","2017-11-24",8253.69,0.244642,474.91,0.040193,1648.51,1.88,77.97,1
"2017-11-25","2017-11-25",8790.92,0.252393,466.28,0.043639,1571.27,2.05,88.82,1.01
"2017-11-26","2017-11-26",9330.55,0.248818,471.33,0.048896,1735.66,2.46,85.93,1.01
"2017-11-27","2017-11-27",9818.35,0.253927,480.36,0.059843,1622.57,2.86,91.6,1
"2017-11-28","2017-11-28",10058.8,0.299152,472.9,0.081415,1546.18,2.75,96.03,1
"2017-11-29","2017-11-29",9888.61,0.243064,427.52,0.064424,1359.71,2.71,85.57,0.990606
"2017-11-30","2017-11-30",10233.6,0.250878,447.11,0.072871,1389.78,2.85,88.33,1.01
"2017-12-01","2017-12-01",10975.6,0.255699,466.54,0.089883,1462.68,3.24,99,1.01
"2017-12-02","2017-12-02",11074.6,0.255492,463.45,0.093816,1434.98,3.92,100.28,0.999654
"2017-12-03","2017-12-03",11323.2,0.252558,465.85,0.089035,1559.93,3.61,101.26,1
"2017-12-04","2017-12-04",11657.2,0.253571,470.2,0.09761,1576.92,4.03,104.24,1
"2017-12-05","2017-12-05",11916.7,0.246101,463.28,0.123523,1501.85,4.24,102.4,1
"2017-12-06","2017-12-06",14291.5,0.232544,428.59,0.151622,1430.1,4.55,100.35,1.01
"2017-12-07","2017-12-07",17899.7,0.222823,434.41,0.133046,1330.93,3.99,98.29,1.03
"2017-12-08","2017-12-08",16569.4,0.252125,456.03,0.13726,1464.13,4.29,124.85,1.02
"2017-12-09","2017-12-09",15178.2,0.244708,473.5,0.135122,1410.06,4.06,155.24,1.02
"2017-12-10","2017-12-10",15455.4,0.237333,441.72,0.119263,1323.07,3.77,148.66,1.02
"2017-12-11","2017-12-11",16936.8,0.251691,515.14,0.144956,1423.38,4.36,214.2,1.02
"2017-12-12","2017-12-12",17415.4,0.373541,651.43,0.156444,1615.03,5.3,316.16,1.08
"2017-12-13","2017-12-13",16408.2,0.471063,702.77,0.149342,1607.65,7.3,302.6,1.03
"2017-12-14","2017-12-14",16564,0.864263,695.82,0.188907,1966.14,8.4,279.33,1.01
"2017-12-15","2017-12-15",17706.9,0.756181,684.45,0.195862,1815.43,8.13,299.78,1.02
"2017-12-16","2017-12-16",19497.4,0.758642,696.21,0.232125,1801.88,8.61,298.97,1.01
"2017-12-17","2017-12-17",19140.8,0.728366,719.97,0.266621,1862.88,8.22,318.72,1.01
"2017-12-18","2017-12-18",19114.2,0.778407,794.65,0.276283,2196.64,9.21,358.34,1.01
"2017-12-19","2017-12-19",17776.7,0.791257,826.82,0.26431,2805.89,12.38,350.25,1.01
"2017-12-20","2017-12-20",16624.6,0.775964,819.09,0.252386,3923.07,11.99,314.62,1
"2017-12-21","2017-12-21",15802.9,1.19,821.06,0.2572,3267.17,10.6,317.46,1.01
"2017-12-22","2017-12-22",13831.8,1.14,674.86,0.216717,2696.69,7.84,264.93,1.02
"2017-12-23","2017-12-23",14699.2,1.17,719.39,0.234179,3257.08,8.48,288.27,1.05
"2017-12-24","2017-12-24",13925.8,1.04,694.15,0.22445,2903.12,8.14,275.98,1.02
"2017-12-25","2017-12-25",14026.6,1.12,765.83,0.228511,2954.69,9.77,273.39,1.01
"2017-12-26","2017-12-26",16099.8,1.19,773.84,0.226018,3108.89,9.82,286.5,1
"2017-12-27","2017-12-27",15838.5,1.4,762.84,0.229224,2889.52,10.56,272.17,1
"2017-12-28","2017-12-28",14606.5,1.43,737.02,0.223544,2566.64,9.57,249.93,1.01
"2017-12-29","2017-12-29",14656.2,2.21,753.59,0.322941,2779.95,9.44,245.5,1.01
"2017-12-30","2017-12-30",12952.2,2.16,717.26,0.323202,2392.41,8.56,218.96,1.02
"2017-12-31","2017-12-31",14156.4,2.3,756.73,0.360756,2533.01,8.77,232.1,1.01
"2018-01-01","2018-01-01",13657.2,2.39,772.64,0.480008,2432.54,8.84,229.03,1.01
"2018-01-02","2018-01-02",14982.1,2.48,884.44,0.564766,2711,9.33,255.68,1
"2018-01-03","2018-01-03",15201,3.11,962.72,0.896227,2608.69,10.23,245.37,1.01
"2018-01-04","2018-01-04",15599.2,3.2,980.92,0.72405,2430.18,11.28,241.37,1
"2018-01-05","2018-01-05",17429.5,3.05,997.72,0.662712,2584.48,10.84,249.27,0.998634
"2018-01-06","2018-01-06",17527,3.09,1041.68,0.709945,2786.65,12.58,296.45,1.01
"2018-01-07","2018-01-07",16477.6,3.38,1153.17,0.699645,2786.88,12.52,288.45,1
"2018-01-08","2018-01-08",15170.1,2.46,1148.53,0.629323,2421.47,9.69,255.76,1.01
"2018-01-09","2018-01-09",14595.4,2.1,1299.74,0.585653,2391.56,9.33,247.04,1.01
"2018-01-10","2018-01-10",14973.3,1.97,1255.82,0.56693,2895.38,11.34,250.52,1
"2018-01-11","2018-01-11",13405.8,1.95,1154.93,0.558126,2462.61,11.35,229.37,1
"2018-01-12","2018-01-12",13980.6,2.04,1273.2,0.67796,2620.99,13.75,236.86,1.01
"2018-01-13","2018-01-13",14360.2,2.02,1396.42,0.671564,2685.29,16.23,259.19,1
"2018-01-14","2018-01-14",13772,1.86,1366.77,0.630856,2553.32,13.44,238.68,1.02
"2018-01-15","2018-01-15",13819.8,1.68,1291.92,0.599271,2401.54,12.94,232.77,1.01
"2018-01-16","2018-01-16",11490.5,1.18,1053.69,0.441197,1772.07,10.28,188.33,1.03
"2018-01-17","2018-01-17",11188.6,1.31,1014.25,0.477187,1748.05,10.19,186.52,1.01
"2018-01-18","2018-01-18",11474.9,1.6,1036.28,0.509523,1756.75,10.51,192.84,1.02
"2018-01-19","2018-01-19",11607.4,1.55,1039.1,0.506232,1769.62,11.18,192.96,1
"2018-01-20","2018-01-20",12899.2,1.58,1155.15,0.534677,2032.12,15.52,211.02,1
"2018-01-21","2018-01-21",11600.1,1.38,1049.58,0.464117,1776.64,13.44,190.42,0.999861
"2018-01-22","2018-01-22",10931.4,1.36,1003.26,0.486338,1621.92,13.66,180.01,1.01
"2018-01-23","2018-01-23",10868.4,1.34,986.23,0.486185,1621.46,12.97,177.81,1.01
"2018-01-24","2018-01-24",11359.4,1.36,1058.78,0.567014,1639.13,13.83,179.99,0.997484
"2018-01-25","2018-01-25",11259.4,1.31,1056.03,0.608253,1642.12,14.31,180.27,0.999595
"2018-01-26","2018-01-26",11171.4,1.22,1055.17,0.633916,1603.9,14.34,176.73,1
"2018-01-27","2018-01-27",11440.7,1.22,1107.07,0.613061,1628.63,14.27,180.89,0.993325
"2018-01-28","2018-01-28",11786.3,1.4,1246.01,0.634421,1746.25,15.02,193.87,0.98879
"2018-01-29","2018-01-29",11296.4,1.32,1182.36,0.589283,1657.14,14.01,181.66,0.995319
"2018-01-30","2018-01-30",10106.3,1.14,1071.13,0.489648,1470.55,11.56,165.28,0.986486
"2018-01-31","2018-01-31",10221.1,1.16,1118.31,0.539797,1486.89,12.2,163.35,0.990274
"2018-02-01","2018-02-01",9170.54,0.96253,1036.79,0.456455,1274.35,10.21,142.3,0.986939
"2018-02-02","2018-02-02",8830.75,0.884784,915.78,0.405075,1191.14,9.79,131.38,0.990747
"2018-02-03","2018-02-03",9174.91,0.924043,964.02,0.430056,1272.5,9.84,160.25,1
"2018-02-04","2018-02-04",8277.01,0.815703,834.68,0.377231,1165.38,8.61,148.02,1.01
"2018-02-05","2018-02-05",6955.27,0.691799,697.95,0.331192,887.41,7.06,125.33,0.996308
"2018-02-06","2018-02-06",7754,0.776393,793.12,0.370811,974.53,8.34,142.99,1.01
"2018-02-07","2018-02-07",7621.3,0.723895,757.07,0.342125,957.96,7.61,138.2,1
"2018-02-08","2018-02-08",8265.59,0.805263,817.81,0.363565,1284.56,8.51,149.47,1.02
"2018-02-09","2018-02-09",8736.98,0.954428,883.86,0.401068,1312.11,9.65,163.95,1
"2018-02-10","2018-02-10",8621.9,1.07,860.41,0.406856,1257.31,9.1,155.59,1
"2018-02-11","2018-02-11",8129.97,1,814.66,0.370005,1217.64,8.41,148.99,0.999251
"2018-02-12","2018-02-12",8926.57,1.08,868.71,0.395649,1283.91,9.18,161.57,1
"2018-02-13","2018-02-13",8598.31,1.03,845.26,0.410614,1231.98,9.21,159.55,1
"2018-02-14","2018-02-14",9494.63,1.14,923.56,0.453888,1362.27,9.97,213.36,1
"2018-02-15","2018-02-15",10166.4,1.15,936.98,0.453556,1375.81,10.17,225.43,1.01
"2018-02-16","2018-02-16",10233.9,1.14,944.21,0.455446,1552.2,10.02,230.12,1
"2018-02-17","2018-02-17",11112.7,1.2,974.11,0.479075,1551.39,10.15,229.46,1
"2018-02-18","2018-02-18",10551.8,1.12,923.92,0.450399,1487.46,9.38,215.74,1.01
"2018-02-19","2018-02-19",11225.3,1.14,943.86,0.452932,1534.77,9.68,223.06,1
"2018-02-20","2018-02-20",11403.7,1.09,895.37,0.402289,1418.73,9.28,232.85,1
"2018-02-21","2018-02-21",10690.4,1.02,849.97,0.396765,1308.46,8.76,213.35,1
"2018-02-22","2018-02-22",10005,0.941788,812.84,0.366447,1219.49,8.09,195.31,1
"2018-02-23","2018-02-23",10301.1,0.998855,864.19,0.381985,1270.71,8.58,209.31,1
"2018-02-24","2018-02-24",9813.07,0.954402,840.52,0.355163,1193.27,8.19,209.42,1
"2018-02-25","2018-02-25",9664.73,0.943487,844.81,0.357302,1178.1,7.9,220.48,1
"2018-02-26","2018-02-26",10366.7,0.956859,869.32,0.364579,1250.56,8.13,220.96,0.999561
"2018-02-27","2018-02-27",10725.6,0.947305,878.27,0.362051,1246.66,8.57,216.6,1
"2018-02-28","2018-02-28",10397.9,0.904583,855.2,0.333916,1204.16,8.41,202.9,0.998903
"2018-03-01","2018-03-01",10951,0.928347,872.2,0.339314,1291.92,8.63,209.75,1
"2018-03-02","2018-03-02",11086.4,0.910144,856.85,0.320107,1275.18,8.09,212.56,0.99973
"2018-03-03","2018-03-03",11489.7,0.907804,857.22,0.350168,1270.38,8,210.64,1
"2018-03-04","2018-03-04",11512.6,1.01,866.68,0.36193,1289.08,8.18,213.8,0.997612
"2018-03-05","2018-03-05",11573.3,0.959368,853.68,0.352031,1268.03,8.05,211.18,0.998864
"2018-03-06","2018-03-06",10779.9,0.922887,816.95,0.337911,1206.04,7.25,196.6,1
"2018-03-07","2018-03-07",9965.57,0.87121,752.83,0.329103,1092.16,6.51,185.84,1
"2018-03-08","2018-03-08",9395.01,0.825857,704.6,0.311938,1040.21,6.2,176.51,1.01
"2018-03-09","2018-03-09",9337.55,0.849761,728.92,0.311859,1067.02,6.13,187.17,1
"2018-03-10","2018-03-10",8866,0.796627,686.89,0.292661,1005.93,5.8,177.73,1.01
"2018-03-11","2018-03-11",9578.63,0.831122,723.34,0.304217,1145.17,6.14,188.95,1
"2018-03-12","2018-03-12",9205.12,0.801048,699.83,0.291765,1051.28,5.83,178.23,1
"2018-03-13","2018-03-13",9194.85,0.789711,690.83,0.290193,1064.03,5.86,175.78,0.999843
"2018-03-14","2018-03-14",8269.81,0.701902,614.29,0.248689,949.47,5.34,161.1,1
"2018-03-15","2018-03-15",8300.86,0.697269,611.3,0.240655,943.64,5.17,164.48,1
"2018-03-16","2018-03-16",8338.35,0.68926,601.67,0.229991,977.03,5.09,165.45,0.998551
"2018-03-17","2018-03-17",7916.88,0.637856,552.78,0.206731,949.78,4.67,152.97,1
"2018-03-18","2018-03-18",8223.68,0.658777,538.64,0.220473,938.11,4.65,154.07,1
"2018-03-19","2018-03-19",8630.65,0.74908,556.73,0.250226,994.67,6.36,161.14,0.989867
"2018-03-20","2018-03-20",8913.47,0.709808,557.17,0.267968,1059.12,6.01,168.82,0.996832
"2018-03-21","2018-03-21",8929.28,0.693664,561.73,0.254636,1033.45,7.03,169.05,0.999244
"2018-03-22","2018-03-22",8728.47,0.662743,539.7,0.243212,1011.52,7.03,163.67,0.998982
"2018-03-23","2018-03-23",8879.62,0.643174,539.62,0.236147,1019.43,7.01,167.83,0.990235
"2018-03-24","2018-03-24",8668.12,0.641265,526.44,0.235422,982.3,6.63,159.63,1.01
"2018-03-25","2018-03-25",8495.78,0.641875,524.29,0.239952,966.88,6.52,160.08,0.999686
"2018-03-26","2018-03-26",8209.4,0.599463,489.95,0.228861,919.25,5.9,149.22,1
"2018-03-27","2018-03-27",7833.04,0.577917,450.12,0.216033,876.33,5.91,135.78,1
"2018-03-28","2018-03-28",7954.48,0.578002,446.28,0.219251,860.52,6.29,131.75,0.999204
"2018-03-29","2018-03-29",7165.7,0.511511,385.97,0.190819,714.27,6.02,114.68,0.998623
"2018-03-30","2018-03-30",6890.52,0.509565,394.64,0.188733,697.01,6.1,118.6,0.998943
"2018-03-31","2018-03-31",6973.53,0.512353,396.46,0.206778,685.25,5.99,116.61,1
"2018-04-01","2018-04-01",6844.23,0.485081,379.61,0.206582,643.03,5.66,115.22,0.99981
"2018-04-02","2018-04-02",7083.8,0.500688,386.42,0.224878,662.77,5.89,119.31,1
"2018-04-03","2018-04-03",7456.11,0.558044,416.89,0.235691,712.88,6.13,134.47,1
"2018-04-04","2018-04-04",6853.84,0.501631,380.54,0.204108,649.2,5.73,118.41,1
"2018-04-05","2018-04-05",6811.47,0.495801,383.23,0.19794,646.04,6.4,119.13,1
"2018-04-06","2018-04-06",6636.32,0.476431,370.29,0.193317,610.43,5.89,113.15,1
"2018-04-07","2018-04-07",6911.09,0.487867,385.31,0.201859,640.35,5.91,116.26,0.999644
"2018-04-08","2018-04-08",7023.52,0.500398,400.51,0.206377,655.26,5.97,117.67,0.996809
"2018-04-09","2018-04-09",6770.73,0.491855,398.53,0.197333,637.03,5.87,114.99,0.997555
"2018-04-10","2018-04-10",6834.76,0.491931,414.24,0.199344,649.62,6,114.26,0.997356
"2018-04-11","2018-04-11",6968.32,0.539506,430.54,0.212337,666.58,8.49,118.29,1
"2018-04-12","2018-04-12",7889.25,0.628737,492.94,0.24212,734.48,8.7,129.34,0.996831
"2018-04-13","2018-04-13",7895.96,0.638087,492.73,0.24629,738.3,8.74,125.35,0.998895
"2018-04-14","2018-04-14",7986.24,0.632184,501.48,0.250668,738.98,8.6,126.29,0.999766
"2018-04-15","2018-04-15",8329.11,0.682534,531.7,0.290722,780.83,8.4,132.04,0.998602
"2018-04-16","2018-04-16",8058.67,0.663297,511.15,0.284156,766.47,8.1,128.34,0.997592
"2018-04-17","2018-04-17",7902.09,0.656933,502.89,0.300202,757.59,8.51,132.93,0.998556
"2018-04-18","2018-04-18",8163.42,0.708932,524.79,0.351544,888.91,9.03,140,0.997609
"2018-04-19","2018-04-19",8294.31,0.791976,567.89,0.36612,968.64,9.44,146.3,0.997185
"2018-04-20","2018-04-20",8845.83,0.924465,615.72,0.391165,1128.02,11.45,155.54,0.998338
"2018-04-21","2018-04-21",8895.58,0.873103,605.4,0.375663,1154.69,11.11,148.93,0.999014
"2018-04-22","2018-04-22",8802.46,0.869995,621.86,0.368139,1201.22,11.35,146.77,0.996196
"2018-04-23","2018-04-23",8930.88,0.876657,642.55,0.372128,1432.26,11.61,152.25,0.997847
"2018-04-24","2018-04-24",9697.5,0.934781,708.16,0.40067,1426.42,15.31,165.78,1
"2018-04-25","2018-04-25",8845.74,0.800607,615.42,0.339517,1284.79,14.46,144.76,0.991809
"2018-04-26","2018-04-26",9281.51,0.852414,662.81,0.387556,1420.41,15.49,153.68,0.999614
"2018-04-27","2018-04-27",8987.05,0.813885,647.03,0.391085,1337.85,16.67,145.9,1
"2018-04-28","2018-04-28",9348.48,0.863804,683.68,0.428918,1396.25,18.87,152.3,0.999335
"2018-04-29","2018-04-29",9419.08,0.872778,688.88,0.458405,1440.3,21.54,153.63,0.998016
"2018-04-30","2018-04-30",9240.55,0.837938,669.92,0.424659,1350.05,17.58,148.48,0.998919
"2018-05-01","2018-05-01",9119.01,0.841407,673.61,0.439733,1351.28,18.95,148.49,1
"2018-05-02","2018-05-02",9235.92,0.859094,687.15,0.439227,1458.72,19.21,151.58,0.997464
"2018-05-03","2018-05-03",9743.86,0.884466,779.54,0.437379,1511.97,17.77,161.46,0.997973
"2018-05-04","2018-05-04",9700.76,0.895442,785.62,0.43114,1517.33,17.15,168.79,0.998561
"2018-05-05","2018-05-05",9858.15,0.905103,816.12,0.430875,1752.1,17.8,177.76,0.996284
"2018-05-06","2018-05-06",9654.8,0.871424,792.31,0.412944,1765.69,17.47,171.8,0.997202
"2018-05-07","2018-05-07",9373.01,0.832641,753.72,0.395702,1655.2,17.98,164.88,0.997237
"2018-05-08","2018-05-08",9234.82,0.81397,752.86,0.386371,1611.94,18.14,159.62,1
"2018-05-09","2018-05-09",9325.18,0.802043,752.28,0.37797,1638.34,17.94,157.05,1
"2018-05-10","2018-05-10",9043.94,0.758237,727.28,0.353962,1528.59,17.54,149.87,1
"2018-05-11","2018-05-11",8441.49,0.684948,679.59,0.314252,1371.74,14.9,137.12,1
"2018-05-12","2018-05-12",8504.89,0.696735,686.05,0.359937,1472.4,14.25,141.88,1
"2018-05-13","2018-05-13",8723.94,0.745748,733.5,0.375852,1493.12,14.94,144.59,1
"2018-05-14","2018-05-14",8716.79,0.740898,730.55,0.36968,1431.69,14.02,147.71,1
"2018-05-15","2018-05-15",8510.38,0.698588,708.87,0.348445,1343.38,12.99,139.88,1
"2018-05-16","2018-05-16",8368.83,0.714081,707.05,0.334677,1280.62,12.77,139.27,0.99995
"2018-05-17","2018-05-17",8094.32,0.66731,672.66,0.313497,1206.17,12.43,132.77,1
"2018-05-18","2018-05-18",8250.97,0.680294,694.37,0.319488,1207.24,13,136.06,1
"2018-05-19","2018-05-19",8247.18,0.676713,696.53,0.317234,1184.96,13.17,135.32,1
"2018-05-20","2018-05-20",8513.25,0.700244,715.37,0.33281,1291.77,14.01,139.7,0.999117
"2018-05-21","2018-05-21",8418.99,0.681587,699.22,0.318115,1233.64,13.51,134.51,1
"2018-05-22","2018-05-22",8041.78,0.645567,647.74,0.301084,1141.86,12.27,128.68,1
"2018-05-23","2018-05-23",7557.82,0.599594,583.59,0.280355,1005.61,10.88,119.31,1
"2018-05-24","2018-05-24",7587.34,0.631997,601.76,0.291338,1071.36,12.75,122.61,0.998818
"2018-05-25","2018-05-25",7480.14,0.611001,586.73,0.288069,1017.3,12.29,119.44,1
"2018-05-26","2018-05-26",7355.88,0.612708,587.28,0.284695,1012.48,12.35,118.28,0.99989
"2018-05-27","2018-05-27",7368.22,0.607881,572.67,0.276376,996.92,12.51,117.99,0.999182
"2018-05-28","2018-05-28",7135.99,0.552299,516.04,0.253582,892.12,11.64,111.6,1
"2018-05-29","2018-05-29",7472.59,0.601241,565.39,0.282845,987.66,12.18,119.57,1
"2018-05-30","2018-05-30",7406.52,0.605817,559.59,0.277747,984.68,12.01,117.53,0.999727
"2018-05-31","2018-05-31",7494.17,0.612622,577.65,0.296652,995.34,12.28,118.07,0.998003
"2018-06-01","2018-06-01",7541.45,0.623364,580.04,0.290022,1002.92,12.31,119.92,1
"2018-06-02","2018-06-02",7643.45,0.643451,591.81,0.298413,1084.78,14.74,123.31,0.99353
"2018-06-03","2018-06-03",7720.25,0.671205,618.33,0.302912,1170.4,14.62,125.5,1
"2018-06-04","2018-06-04",7514.47,0.661425,592.98,0.292158,1105.8,13.55,119.9,1
"2018-06-05","2018-06-05",7633.76,0.677015,609.3,0.294313,1152.89,14.2,121.7,1
"2018-06-06","2018-06-06",7653.98,0.674797,607.12,0.298269,1131.17,13.94,121.18,1
"2018-06-07","2018-06-07",7678.24,0.678128,605.19,0.294206,1143.75,14.59,121.43,0.99875
"2018-06-08","2018-06-08",7624.92,0.674343,601.08,0.287963,1118.19,14.04,120.08,1
"2018-06-09","2018-06-09",7531.98,0.659755,597.56,0.281894,1092.13,14.1,117.74,1.01
"2018-06-10","2018-06-10",6786.02,0.588126,526.48,0.247658,939.55,11.39,107.04,0.998215
"2018-06-11","2018-06-11",6906.92,0.604066,533.28,0.256482,958.56,11.59,107.52,1
"2018-06-12","2018-06-12",6582.36,0.562933,496.84,0.231689,874.43,10.22,100.75,1
"2018-06-13","2018-06-13",6349.9,0.534663,477.49,0.221691,844.24,10.15,94.08,1
"2018-06-14","2018-06-14",6675.35,0.561306,519.74,0.242426,897.6,11.3,101.15,1
"2018-06-15","2018-06-15",6456.58,0.537707,491,0.234242,849.32,10.66,96.68,1.01
"2018-06-16","2018-06-16",6550.16,0.534784,499.64,0.234041,852.19,10.63,97.58,1
"2018-06-17","2018-06-17",6499.27,0.528216,500.45,0.232105,852.1,10.44,96.1,1.01
"2018-06-18","2018-06-18",6734.82,0.537495,518.89,0.234371,885.64,10.72,98.82,1
"2018-06-19","2018-06-19",6769.94,0.549621,537.96,0.235309,904.65,10.73,98.84,1
"2018-06-20","2018-06-20",6776.55,0.539286,536.27,0.232188,890.45,10.42,97.99,0.998829
"2018-06-21","2018-06-21",6729.74,0.534775,527.37,0.227997,874.09,10.42,96.93,1
"2018-06-22","2018-06-22",6083.69,0.486947,465.82,0.203407,755.97,8.66,85.08,1
"2018-06-23","2018-06-23",6162.48,0.491284,474.52,0.203515,762.76,8.41,82.6,1
"2018-06-24","2018-06-24",6173.23,0.47738,457.67,0.193633,749.36,8.09,80.78,1.01
"2018-06-25","2018-06-25",6249.18,0.481753,460.31,0.197753,756.85,8.24,81.83,1
"2018-06-26","2018-06-26",6093.67,0.456001,432.77,0.186484,700.26,7.51,76.87,1
"2018-06-27","2018-06-27",6157.13,0.47037,442.36,0.189633,713.77,8.01,80.66,0.997935
"2018-06-28","2018-06-28",5903.44,0.448458,422.36,0.178951,660.24,7.45,74.93,0.997193
"2018-06-29","2018-06-29",6218.3,0.45308,436.01,0.18671,715.71,7.73,78.77,1
"2018-06-30","2018-06-30",6404,0.466245,455.18,0.193425,748.71,8.13,81.37,0.999192
"2018-07-01","2018-07-01",6385.82,0.461358,453.92,0.198573,739.42,8.13,80.24,0.998821
"2018-07-02","2018-07-02",6614.18,0.486122,475.35,0.213151,776.17,8.89,85.26,0.998859
"2018-07-03","2018-07-03",6529.59,0.485223,464.2,0.206315,757.95,8.84,85.1,1
"2018-07-04","2018-07-04",6597.55,0.490043,467.32,0.209735,762.4,8.89,85.49,0.999195
"2018-07-05","2018-07-05",6639.14,0.481625,474.41,0.202978,748.22,8.93,83.76,1.01
"2018-07-06","2018-07-06",6673.5,0.479151,474.01,0.206381,737.33,8.68,83.38,1
"2018-07-07","2018-07-07",6856.93,0.492477,491.66,0.20845,775.3,9.02,86.2,1.01
"2018-07-08","2018-07-08",6773.88,0.477749,489.12,0.209783,751.35,8.71,82.4,1
"2018-07-09","2018-07-09",6741.75,0.47427,476.68,0.207929,733.38,7.75,80.86,1.01
"2018-07-10","2018-07-10",6329.95,0.445042,434.42,0.191889,688.63,7.21,76.08,1
"2018-07-11","2018-07-11",6394.71,0.450233,446.52,0.189504,707.48,7.19,78.7,1
"2018-07-12","2018-07-12",6228.81,0.435364,430.07,0.185719,682.76,6.9,76.81,0.99907
"2018-07-13","2018-07-13",6238.05,0.438741,434.03,0.204272,696.59,6.96,76.94,1
"2018-07-14","2018-07-14",6276.12,0.439271,436.09,0.207877,704.06,6.99,76.72,1
"2018-07-15","2018-07-15",6359.64,0.445894,449.85,0.219871,722.97,7.4,78.94,0.998352
"2018-07-16","2018-07-16",6741.75,0.483401,480.66,0.237928,805.68,8.11,84.6,0.999139
"2018-07-17","2018-07-17",7321.04,0.505587,501,0.252967,850.78,8.78,89.81,1
"2018-07-18","2018-07-18",7370.78,0.486389,480.51,0.2984,829.94,8.61,86.96,1
"2018-07-19","2018-07-19",7466.86,0.476433,469.62,0.302513,824.89,8.39,86.67,0.998088
"2018-07-20","2018-07-20",7354.13,0.446994,450.7,0.271492,767.66,7.9,82.75,1
"2018-07-21","2018-07-21",7419.29,0.45541,462.44,0.292259,789.49,8.05,84.46,1
"2018-07-22","2018-07-22",7418.49,0.449311,459.66,0.283534,788.67,7.9,83.16,0.999843
"2018-07-23","2018-07-23",7711.11,0.445276,450.85,0.284384,784.39,7.97,82.43,0.997496
"2018-07-24","2018-07-24",8424.27,0.457623,479.37,0.301456,869.47,8.6,89.29,0.996505
"2018-07-25","2018-07-25",8181.39,0.459829,472.49,0.331706,831.46,8.51,86.28,0.998791
"2018-07-26","2018-07-26",7951.58,0.44992,464.04,0.309552,806.18,8.32,84.03,0.997951
"2018-07-27","2018-07-27",8165.01,0.453635,469.67,0.316882,819.39,8.41,84.46,0.997118
"2018-07-28","2018-07-28",8192.15,0.453667,466.9,0.315229,818.83,8.32,83.62,0.997887
"2018-07-29","2018-07-29",8218.46,0.453306,466.67,0.308399,828.98,8.34,84.08,0.998919
"2018-07-30","2018-07-30",8180.48,0.446107,457.08,0.295923,816.08,7.77,82.85,0.99891
"2018-07-31","2018-07-31",7780.44,0.435225,433.87,0.278009,777.15,7.37,79.7,0.999507
"2018-08-01","2018-08-01",7624.91,0.445852,420.75,0.276268,769.35,7.26,77.86,0.999409
"2018-08-02","2018-08-02",7567.15,0.430254,412.62,0.261192,734.76,7.06,76.14,1
"2018-08-03","2018-08-03",7434.39,0.440571,418.26,0.258956,724.71,7.2,77.54,0.999095
"2018-08-04","2018-08-04",7032.85,0.428507,407.25,0.240724,695.74,6.99,73.2,0.998505
"2018-08-05","2018-08-05",7068.48,0.433638,410.52,0.244218,709.22,7.06,74.59,0.999347
"2018-08-06","2018-08-06",6951.8,0.414081,406.66,0.234705,692.63,7.07,73.89,1
"2018-08-07","2018-08-07",6753.12,0.381006,380.21,0.230672,659.38,6.61,68.17,1
"2018-08-08","2018-08-08",6305.8,0.331944,356.61,0.201351,585.45,5.59,62.49,1
"2018-08-09","2018-08-09",6568.23,0.346771,365.59,0.221435,610.78,5.8,63.98,1
"2018-08-10","2018-08-10",6184.71,0.320426,334.18,0.22543,572.44,5.28,59.39,1
"2018-08-11","2018-08-11",6295.73,0.301262,322.11,0.217665,566.77,5.02,58.36,1.01
"2018-08-12","2018-08-12",6322.69,0.29787,319.57,0.223601,570.96,5.01,59.33,1
"2018-08-13","2018-08-13",6297.57,0.277466,286.5,0.223559,535.98,4.62,56.85,1
"2018-08-14","2018-08-14",6199.71,0.274272,278.93,0.216706,509.31,4.58,54.56,0.997543
"2018-08-15","2018-08-15",6308.52,0.282005,282.36,0.216954,513.67,4.64,54.5,1
"2018-08-16","2018-08-16",6334.73,0.292436,288.05,0.216032,517.35,4.52,55.36,1
"2018-08-17","2018-08-17",6580.63,0.366676,315.73,0.23812,597.01,5.51,61.51,0.997761
"2018-08-18","2018-08-18",6423.76,0.3271,295.81,0.224235,554.92,5.1,57.28,1
"2018-08-19","2018-08-19",6506.07,0.343978,300.83,0.222723,569.93,5.31,57.94,1
"2018-08-20","2018-08-20",6308.53,0.319283,274.31,0.216457,515.66,4.76,54,1.01
"2018-08-21","2018-08-21",6488.76,0.335177,281.94,0.214708,536.57,4.91,56.35,1
"2018-08-22","2018-08-22",6376.71,0.319803,271.34,0.206896,519.95,4.72,55.32,1
"2018-08-23","2018-08-23",6534.88,0.327709,277.1,0.222162,530.77,4.92,57.54,0.998976
"2018-08-24","2018-08-24",6719.96,0.327606,282.97,0.219806,535.4,5.05,57.93,1
"2018-08-25","2018-08-25",6763.19,0.32823,279.65,0.217795,537.24,5.05,57.91,1
"2018-08-26","2018-08-26",6707.26,0.323776,275.2,0.21484,522.88,4.95,57.33,0.999227
"2018-08-27","2018-08-27",6884.64,0.336903,285.6,0.225437,546.36,5.36,60.25,0.997802
"2018-08-28","2018-08-28",7096.28,0.351837,296.5,0.234745,565.31,5.9,63.02,0.999395
"2018-08-29","2018-08-29",7047.16,0.344803,289.31,0.226211,554.37,6.12,61.77,1
"2018-08-30","2018-08-30",6978.23,0.335444,284.11,0.220902,540.02,6.08,60.32,1
"2018-08-31","2018-08-31",7037.58,0.335332,283,0.222076,543.08,6.43,61.93,1
"2018-09-01","2018-09-01",7193.25,0.347721,295.34,0.229722,615.31,6.64,65.95,0.996813
"2018-09-02","2018-09-02",7272.72,0.342523,294.37,0.224744,645.88,6.6,65.65,0.997839
"2018-09-03","2018-09-03",7260.06,0.335961,289.26,0.225325,626.36,6.47,65.37,0.998642
"2018-09-04","2018-09-04",7361.66,0.331652,285.72,0.231268,625.07,6.48,67.71,0.999517
"2018-09-05","2018-09-05",6792.83,0.283601,232.33,0.207437,530.51,5.22,58.44,1.01
"2018-09-06","2018-09-06",6529.17,0.30271,230.22,0.207484,519.16,5.24,57.49,1
"2018-09-07","2018-09-07",6467.07,0.291435,217.2,0.207662,501.57,5.09,56.2,1.01
"2018-09-08","2018-09-08",6225.98,0.279333,197.95,0.194437,475.29,4.76,53.24,1
"2018-09-09","2018-09-09",6300.86,0.27868,196.92,0.192781,481.19,4.97,54.92,1
"2018-09-10","2018-09-10",6329.7,0.270321,197.08,0.190839,465.59,5.04,54.6,1
"2018-09-11","2018-09-11",6321.2,0.26371,185.07,0.201071,440.83,4.98,52.37,1
"2018-09-12","2018-09-12",6351.8,0.270087,183.33,0.198293,432.85,4.94,51.66,1
"2018-09-13","2018-09-13",6517.31,0.280583,211.35,0.207806,464.44,5.39,54.54,1.01
"2018-09-14","2018-09-14",6512.71,0.277159,211.75,0.201743,449.5,5.27,56.58,1
"2018-09-15","2018-09-15",6543.2,0.282008,223.07,0.203202,450.68,5.4,56.71,1
"2018-09-16","2018-09-16",6517.18,0.281166,220.59,0.20651,449.16,5.42,56.97,1
"2018-09-17","2018-09-17",6281.2,0.272251,197.88,0.196827,420.45,4.89,52.54,1
"2018-09-18","2018-09-18",6371.3,0.32186,209.97,0.208417,435.68,5.1,54.1,1
"2018-09-19","2018-09-19",6398.54,0.326053,209.97,0.206563,429.23,5.23,54.33,1
"2018-09-20","2018-09-20",6519.67,0.449918,224.59,0.231897,455.74,5.74,56.63,1
"2018-09-21","2018-09-21",6734.95,0.561462,246.58,0.249211,499.04,6.14,60.72,0.994428
"2018-09-22","2018-09-22",6721.98,0.570798,240.48,0.239225,487.83,5.93,60.44,1
"2018-09-23","2018-09-23",6710.63,0.570689,244.33,0.281478,488.65,6.02,61.37,0.999512
"2018-09-24","2018-09-24",6595.41,0.494712,228.73,0.259048,463.09,5.68,57.97,1
"2018-09-25","2018-09-25",6446.47,0.526941,218.5,0.252306,445.23,5.38,57.54,1
"2018-09-26","2018-09-26",6495,0.516308,215.85,0.244767,515.93,5.55,57.4,1
"2018-09-27","2018-09-27",6676.75,0.541381,228.49,0.259216,564.41,5.82,62.98,0.997107
"2018-09-28","2018-09-28",6644.13,0.539112,222.4,0.254127,539.86,5.77,61.9,1
"2018-09-29","2018-09-29",6601.96,0.571228,231.63,0.253908,536.91,5.76,61.61,0.999602
"2018-09-30","2018-09-30",6625.56,0.581572,232.85,0.259599,529.92,5.72,61.14,1
"2018-10-01","2018-10-01",6589.62,0.576461,230.77,0.258404,530.91,5.74,60.21,0.997925
"2018-10-02","2018-10-02",6556.1,0.520837,227.18,0.248286,533.26,5.65,59.71,0.999741
"2018-10-03","2018-10-03",6502.59,0.528162,220.49,0.241136,514.52,5.62,57.48,0.998569
"2018-10-04","2018-10-04",6576.69,0.526606,222.22,0.244278,513.03,5.78,58.28,0.996185
"2018-10-05","2018-10-05",6622.48,0.519026,227.6,0.245192,520.63,5.81,58.77,0.995778
"2018-10-06","2018-10-06",6588.31,0.488082,225.12,0.239771,508.62,5.73,57.84,0.997177
"2018-10-07","2018-10-07",6602.95,0.482039,226.12,0.245138,517.47,5.76,58.16,0.996617
"2018-10-08","2018-10-08",6652.23,0.489751,229.25,0.249009,528.98,5.91,59.41,0.995814
"2018-10-09","2018-10-09",6642.64,0.479857,227.98,0.243915,517.79,5.91,58.71,0.996779
"2018-10-10","2018-10-10",6585.53,0.462387,225.77,0.241593,512.92,5.88,57.98,0.993502
"2018-10-11","2018-10-11",6256.24,0.38313,189.5,0.207037,433.04,5.08,51.23,0.993026
"2018-10-12","2018-10-12",6274.58,0.419115,196.73,0.216032,443.23,5.18,53.55,0.994102
"2018-10-13","2018-10-13",6285.99,0.418878,199.84,0.21481,448.41,5.25,53.45,0.988046
"2018-10-14","2018-10-14",6290.93,0.403286,195.72,0.210144,439.23,5.17,52.19,0.98957
"2018-10-15","2018-10-15",6596.54,0.447316,209.7,0.223001,459.38,5.47,54.88,0.980138
"2018-10-16","2018-10-16",6596.11,0.470253,210.12,0.227978,458.01,5.44,54.07,0.975152
"2018-10-17","2018-10-17",6544.43,0.468197,207.08,0.240403,448.79,5.41,53.67,0.971225
"2018-10-18","2018-10-18",6476.71,0.457725,203.35,0.239452,438.43,5.35,52.53,0.980858
"2018-10-19","2018-10-19",6465.41,0.454178,203.73,0.242853,440.85,5.33,53.02,0.987712
"2018-10-20","2018-10-20",6489.19,0.459151,205.43,0.244182,447.44,5.37,53.36,0.983831
"2018-10-21","2018-10-21",6482.35,0.456694,205.14,0.241724,447.85,5.42,52.92,0.983548
"2018-10-22","2018-10-22",6487.16,0.453109,204.04,0.242361,447.21,5.38,52.2,0.983998
"2018-10-23","2018-10-23",6475.74,0.462058,204.34,0.242215,442.65,5.42,52.54,0.987962
"2018-10-24","2018-10-24",6495.84,0.457237,203.85,0.23776,442.45,5.38,52.52,0.988612
"2018-10-25","2018-10-25",6476.29,0.458052,202.72,0.235646,440.23,5.37,52.23,0.988791
"2018-10-26","2018-10-26",6474.75,0.459288,203.33,0.234011,438.74,5.39,52.1,0.989789
"2018-10-27","2018-10-27",6480.38,0.456348,204.21,0.22876,437.53,5.38,51.93,0.993097
"2018-10-28","2018-10-28",6486.39,0.462406,205.37,0.232871,441.08,5.43,51.94,0.998453
"2018-10-29","2018-10-29",6332.63,0.441514,197.25,0.222357,417.57,5.15,49.07,0.996859
"2018-10-30","2018-10-30",6334.27,0.444759,197.56,0.225093,421.93,5.14,49.24,0.996671
"2018-10-31","2018-10-31",6317.61,0.448382,197.38,0.223471,422.86,5.2,49.44,0.988122
"2018-11-01","2018-11-01",6377.78,0.455722,198.87,0.222945,424.09,5.28,50.27,0.99172
"2018-11-02","2018-11-02",6388.44,0.458685,200.63,0.234244,462.01,5.36,51.33,0.993501
"2018-11-03","2018-11-03",6361.26,0.455667,200.19,0.235706,477.99,5.31,50.97,0.999433
"2018-11-04","2018-11-04",6376.13,0.462691,207.49,0.241638,560.18,5.45,53.61,0.988708
"2018-11-05","2018-11-05",6419.66,0.497412,209.09,0.246529,558.47,5.47,53.55,0.993176
"2018-11-06","2018-11-06",6461.01,0.54908,218.45,0.265596,628.51,5.73,55.95,0.992796
"2018-11-07","2018-11-07",6530.14,0.535707,217.18,0.256718,617.25,5.65,54.19,0.99327
"2018-11-08","2018-11-08",6453.72,0.493508,212.23,0.256043,574.43,5.5,52.37,0.994333
"2018-11-09","2018-11-09",6385.62,0.500668,210.07,0.255542,544.42,5.38,51.9,0.994832
"2018-11-10","2018-11-10",6409.22,0.506698,212.53,0.26123,556.5,5.42,52.4,0.99718
"2018-11-11","2018-11-11",6411.27,0.505913,211.34,0.273605,533.34,5.44,51.36,0.990462
"2018-11-12","2018-11-12",6371.27,0.517165,210.42,0.267326,516.31,5.4,50.65,0.989148
"2018-11-13","2018-11-13",6359.49,0.510112,206.83,0.257787,512.41,5.23,49.7,0.985118
"2018-11-14","2018-11-14",5738.35,0.474372,181.4,0.233043,439.31,4.64,43.61,0.966644
"2018-11-15","2018-11-15",5648.03,0.481708,180.81,0.241944,421.32,4.69,43.95,0.982022
"2018-11-16","2018-11-16",5575.55,0.471609,175.18,0.23885,388.82,4.55,42.46,0.987027
"2018-11-17","2018-11-17",5554.33,0.491654,174,0.244927,387.75,4.57,41.93,0.985869
"2018-11-18","2018-11-18",5623.54,0.510473,177.07,0.249758,386.25,4.59,42.33,0.992533
"2018-11-19","2018-11-19",4871.49,0.478166,149.18,0.224412,336.95,4.08,36.64,0.98273
"2018-11-20","2018-11-20",4451.87,0.434726,130.34,0.193193,223.7,3.71,33.04,0.968799
"2018-11-21","2018-11-21",4602.17,0.447651,136.7,0.203688,235.95,3.81,34.67,0.987504
"2018-11-22","2018-11-22",4365.94,0.42608,126.71,0.187797,211.47,3.55,32.2,0.998188
"2018-11-23","2018-11-23",4347.11,0.407428,123.3,0.181211,207.43,3.6,32.16,0.98257
"2018-11-24","2018-11-24",3880.76,0.375336,113.49,0.154205,180.69,3.26,29.22,0.980224
"2018-11-25","2018-11-25",4009.97,0.374551,116.45,0.159607,184.58,3.35,30.89,0.980969
"2018-11-26","2018-11-26",3779.13,0.355451,108.33,0.144795,182.04,3.18,29.41,0.977243
"2018-11-27","2018-11-27",3820.72,0.360163,110.01,0.144374,179.06,3.03,31.07,0.98426
"2018-11-28","2018-11-28",4257.42,0.390557,122.44,0.162237,190.07,3.28,34.63,0.998622
"2018-11-29","2018-11-29",4278.85,0.379562,117.54,0.16508,180.98,3.02,33.8,0.997377
