Industrial production, Austria: quarterly,
http://datamarket.com/data/set/22nl/industrial-production-austria-quarterly#!ds=22nl&display=line,
Detailed information,
Dataset title 	Industrial production, Austria: quarterly,
Last updated 	1 Feb 2014, 19:52,
Provider 	Time Series Data Library,
Provider source	Brockwell and Davis (1991, series D, p. 556),
Source URL 	http://datamarket.com/data/list/?q=provider:tsdl,
Units 	,
Granularity 	Quarter: 1975Q4 - 1991Q3,
Language 	English,
License 	Default open license,
License summary 	,
This data release is licenced as follows: You may copy and redistribute the data. You may make derivative works from the data. You may use the data for commercial purposes. You may not sublicence the data when redistributing it. You may not redistribute the data under a different license. Source attribution on any use of this data: Must refer source.,
Description 	,
Production, Source: Brockwell and Davis (1991, series D, p. 556), in file: data/ausprod, Description: Industrial production, Austria: quarterly,
IndusProd,quarter
54.1,1975-04
59.5,1976-01
56.5,1976-02
63.9,1976-03
57.8,1976-04
62.0,1977-01
58.5,1977-02
65.0,1977-03
59.6,1977-04
63.6,1978-01
60.4,1978-02
66.3,1978-03
60.6,1978-04
66.8,1979-01
63.2,1979-02
71.0,1979-03
66.5,1979-04
72.0,1980-01
67.8,1980-02
75.6,1980-03
69.2,1980-04
74.1,1981-01
70.7,1981-02
77.8,1981-03
72.3,1981-04
78.1,1982-01
72.4,1982-02
82.6,1982-03
72.9,1982-04
79.5,1983-01
72.6,1983-02
82.8,1983-03
76.0,1983-04
85.1,1984-01
80.5,1984-02
89.1,1984-03
84.8,1984-04
94.2,1985-01
89.5,1985-02
99.3,1985-03
93.1,1985-04
103.5,1986-01
96.4,1986-02
107.2,1986-03
101.7,1986-04
109.5,1987-01
101.3,1987-02
112.6,1987-03
105.5,1987-04
115.4,1988-01
108.0,1988-02
129.9,1988-03
112.4,1988-04
123.6,1989-01
114.9,1989-02
131.0,1989-03
122.6,1989-04
131.9,1990-01
120.5,1990-02
130.7,1990-03
115.7,1990-04
119.7,1991-01
109.7,1991-02
125.1,1991-03
